{"cameraMode":{"drawMode":0,"name":"Shaded","section":"Shading Mode"},"sceneLighting":true,"audioPlay":false,"sceneViewState":{"m_AlwaysRefresh":false,"showFog":true,"showSkybox":true,"showFlares":true,"showImageEffects":true,"showParticleSystems":true,"showVisualEffectGraphs":true,"m_FxEnabled":true},"in2DMode":false,"pivot":{"x":-12.719351768493653,"y":-5.093914031982422,"z":39.17588424682617},"rotation":{"x":-0.09379877895116806,"y":0.13457535207271577,"z":-0.012797560542821885,"w":-0.9863718152046204},"size":28.33871078491211,"orthographic":false}